{"mean":{"confidence_interval":{"confidence_level":0.95,"lower_bound":-0.009058962629569931,"upper_bound":0.003994809656590239},"point_estimate":-0.002196435789118767,"standard_error":0.0033252909119247474},"median":{"confidence_interval":{"confidence_level":0.95,"lower_bound":-0.001961701577263497,"upper_bound":0.001034974640785169},"point_estimate":-0.00045052801358735906,"standard_error":0.0007551713838829407}}