{"sampling_mode":"Linear","iters":[6088034301083998.0,1.2176068602167996e16,1.826410290325199e16,2.435213720433599e16,3.044017150541999e16,3.652820580650398e16,4.261624010758798e16,4.870427440867198e16,5.479230870975598e16,6.088034301083998e16,6.6968377311923976e16,7.305641161300797e16,7.914444591409197e16,8.523248021517597e16,9.132051451625997e16,9.740854881734397e16,1.0349658311842797e17,1.0958461741951197e17,1.1567265172059597e17,1.2176068602167997e17,1.2784872032276395e17,1.3393675462384795e17,1.4002478892493195e17,1.4611282322601594e17,1.5220085752709994e17,1.5828889182818394e17,1.6437692612926794e17,1.7046496043035194e17,1.7655299473143594e17,1.8264102903251994e17,1.8872906333360394e17,1.9481709763468794e17,2.0090513193577194e17,2.0699316623685594e17,2.1308120053793994e17,2.1916923483902394e17,2.2525726914010794e17,2.3134530344119194e17,2.3743333774227594e17,2.4352137204335994e17,2.496094063444439e17,2.556974406455279e17,2.617854749466119e17,2.678735092476959e17,2.739615435487799e17,2.800495778498639e17,2.861376121509479e17,2.922256464520319e17,2.983136807531159e17,3.044017150541999e17,3.104897493552839e17,3.165777836563679e17,3.226658179574519e17,3.287538522585359e17,3.348418865596199e17,3.409299208607039e17,3.470179551617879e17,3.531059894628719e17,3.591940237639559e17,3.652820580650399e17,3.713700923661239e17,3.774581266672079e17,3.835461609682919e17,3.896341952693759e17,3.9572222957045984e17,4.018102638715439e17,4.0789829817262784e17,4.139863324737119e17,4.2007436677479584e17,4.261624010758799e17,4.3225043537696384e17,4.383384696780479e17,4.4442650397913184e17,4.505145382802159e17,4.5660257258129984e17,4.626906068823839e17,4.6877864118346784e17,4.748666754845519e17,4.8095470978563584e17,4.870427440867199e17,4.9313077838780384e17,4.992188126888878e17,5.0530684698997184e17,5.113948812910558e17,5.1748291559213984e17,5.235709498932238e17,5.2965898419430784e17,5.357470184953918e17,5.4183505279647584e17,5.479230870975598e17,5.5401112139864384e17,5.600991556997278e17,5.6618719000081184e17,5.722752243018958e17,5.783632586029798e17,5.844512929040637e17,5.905393272051478e17,5.966273615062318e17,6.027153958073158e17,6.088034301083997e17],"times":[20.0,18.0,17.0,18.0,17.0,17.0,18.0,17.0,16.0,17.0,17.0,17.0,17.0,17.0,18.0,17.0,17.0,17.0,17.0,17.0,17.0,17.0,17.0,16.0,17.0,17.0,17.0,17.0,17.0,17.0,17.0,18.0,17.0,18.0,17.0,18.0,18.0,17.0,17.0,16.0,18.0,16.0,17.0,17.0,18.0,17.0,18.0,17.0,17.0,17.0,16.0,17.0,18.0,17.0,17.0,17.0,17.0,17.0,17.0,17.0,17.0,17.0,17.0,17.0,17.0,16.0,18.0,17.0,17.0,17.0,17.0,18.0,17.0,16.0,17.0,17.0,16.0,17.0,17.0,17.0,17.0,16.0,18.0,17.0,17.0,17.0,17.0,17.0,17.0,17.0,17.0,17.0,17.0,17.0,17.0,17.0,17.0,17.0,17.0,17.0]}