{"mean":{"confidence_interval":{"confidence_level":0.95,"lower_bound":0.011786983711384758,"upper_bound":0.03365659858065028},"point_estimate":0.022443307775416255,"standard_error":0.0055427278283352996},"median":{"confidence_interval":{"confidence_level":0.95,"lower_bound":-0.0007129882150666011,"upper_bound":0.00765815791255231},"point_estimate":0.0015902381474930394,"standard_error":0.002186640032380193}}