{"mean":{"confidence_interval":{"confidence_level":0.95,"lower_bound":0.004075854039183969,"upper_bound":0.018545108319349732},"point_estimate":0.011134414666412518,"standard_error":0.003638487826186294},"median":{"confidence_interval":{"confidence_level":0.95,"lower_bound":0.004779788498390669,"upper_bound":0.009863530668301257},"point_estimate":0.006353049257136201,"standard_error":0.0013196055468582618}}