{"mean":{"confidence_interval":{"confidence_level":0.95,"lower_bound":-0.7495502282562496,"upper_bound":-0.3217448866113122},"point_estimate":-0.6139414923129956,"standard_error":0.11157125320875329},"median":{"confidence_interval":{"confidence_level":0.95,"lower_bound":-0.004411798812005041,"upper_bound":0.012358784463975479},"point_estimate":0.007488791017712826,"standard_error":0.0055120196343358425}}